,school,sex,age,address,famsize,Pstatus,Medu,Fedu,Mjob,Fjob,reason,guardian_x,traveltime_x,studytime_x,failures_x,schoolsup_x,famsup_x,paid_x,activities_x,nursery,higher_x,internet,romantic_x,famrel_x,freetime_x,goout_x,Dalc_x,Walc_x,health_x,absences_x,G1_x,G2_x,G3_x,guardian_y,traveltime_y,studytime_y,failures_y,schoolsup_y,famsup_y,paid_y,activities_y,higher_y,romantic_y,famrel_y,freetime_y,goout_y,Dalc_y,Walc_y,health_y,absences_y,G1_y,G2_y,G3_y
0,0,0,18,0,0,0,4,4,0,3,0,0,2,2,0,0,1,1,1,0,0,1,1,4,3,4,1,1,3,6,5,6,0,0,2,2,0,0,1,1,1,0,1,4,3,4,1,1,3,4,0,11,0
1,0,0,17,0,0,1,1,1,0,5,0,1,1,2,0,1,0,1,1,1,0,0,1,5,3,3,1,1,3,4,5,5,0,1,1,2,0,1,0,1,1,0,1,5,3,3,1,1,3,2,9,11,0
2,0,0,15,0,1,1,1,1,0,5,1,0,1,2,3,0,1,0,1,0,0,0,1,4,3,2,2,3,3,10,7,8,0,0,1,2,0,0,1,1,1,0,1,4,3,2,2,3,3,6,12,13,0
3,0,0,15,0,0,1,4,2,1,4,3,0,1,3,0,1,0,0,0,0,0,0,0,3,2,2,1,1,5,2,15,14,1,0,1,3,0,1,0,1,0,0,0,3,2,2,1,1,5,0,14,14,0
4,0,0,16,0,0,1,3,3,5,5,3,1,1,2,0,1,0,0,1,0,0,1,1,4,3,2,1,2,5,4,6,10,0,1,1,2,0,1,0,1,1,0,1,4,3,2,1,2,5,0,11,13,0
5,0,1,16,0,1,1,4,3,4,5,2,0,1,2,0,1,0,0,0,0,0,0,1,5,4,2,1,2,5,10,15,15,1,0,1,2,0,1,0,1,0,0,1,5,4,2,1,2,5,6,12,12,0
6,0,1,16,0,1,1,2,2,5,5,3,0,1,2,0,1,1,1,1,0,0,0,1,4,4,4,1,1,3,0,12,12,0,0,1,2,0,1,1,1,1,0,1,4,4,4,1,1,3,0,13,12,0
7,0,0,17,0,0,0,4,4,5,3,3,0,2,2,0,0,0,1,1,0,0,1,1,4,1,4,1,1,1,6,6,5,0,0,2,2,0,0,0,1,1,0,1,4,1,4,1,1,1,2,10,13,0
8,0,1,15,0,1,0,3,2,4,5,3,0,1,2,0,1,0,0,1,0,0,0,1,4,2,2,1,1,1,0,16,18,1,0,1,2,0,1,0,1,1,0,1,4,2,2,1,1,1,0,15,16,1
9,0,1,15,0,0,1,3,4,5,5,3,0,1,2,0,1,0,0,0,0,0,0,1,5,5,1,1,1,5,0,14,15,1,0,1,2,0,1,0,1,0,0,1,5,5,1,1,1,5,0,12,12,0
10,0,0,15,0,0,1,4,4,3,1,2,0,1,2,0,1,0,0,1,0,0,0,1,3,3,3,1,2,2,0,10,8,0,0,1,2,0,1,0,1,1,0,1,3,3,3,1,2,2,2,14,14,0
11,0,0,15,0,0,1,2,1,4,5,2,1,3,3,0,1,0,1,0,0,0,0,1,5,2,2,1,1,4,4,10,12,0,1,3,3,0,1,0,1,0,0,1,5,2,2,1,1,4,0,10,12,0
12,0,1,15,0,1,1,4,4,1,4,0,1,1,1,0,1,0,0,0,0,0,0,1,4,3,3,1,3,5,2,14,14,0,1,1,1,0,1,0,1,0,0,1,4,3,3,1,3,5,0,12,13,0
13,0,1,15,0,0,1,4,3,3,5,0,0,2,2,0,1,0,0,1,0,0,0,1,5,4,3,1,2,3,2,10,10,0,0,2,2,0,1,0,1,1,0,1,5,4,3,1,2,3,0,12,12,0
14,0,1,15,0,0,0,2,2,5,5,3,2,1,3,0,1,0,1,1,0,0,0,0,4,5,2,1,1,3,0,14,16,1,2,1,3,0,1,0,1,1,0,0,4,5,2,1,1,3,0,14,14,1
15,0,0,16,0,0,1,4,4,1,5,3,0,1,1,0,1,0,1,1,0,0,0,1,4,4,4,1,2,2,4,14,14,0,0,1,1,0,1,0,1,1,0,1,4,4,4,1,2,2,6,17,17,1
16,0,0,16,0,0,1,4,4,4,4,2,0,1,3,0,1,0,0,0,0,0,0,1,3,2,3,1,2,2,6,13,14,0,0,1,3,0,1,0,1,0,0,1,3,2,3,1,2,2,10,13,13,0
17,0,0,16,0,0,1,3,3,5,5,2,0,3,2,0,0,0,1,0,0,0,1,1,5,3,2,1,1,4,4,8,10,0,0,3,2,0,0,0,1,0,0,1,5,3,2,1,1,4,2,13,14,0
18,0,1,17,0,0,1,3,2,4,4,0,0,1,1,3,1,0,1,0,0,0,0,1,5,5,5,2,4,5,16,6,5,0,0,1,1,3,1,0,0,0,0,1,5,5,5,2,4,5,2,8,8,0
19,0,1,16,0,1,1,4,3,1,5,3,1,1,1,0,1,1,0,0,0,0,0,1,3,1,3,1,3,5,4,8,10,0,1,1,1,0,1,1,1,0,0,1,3,1,3,1,3,5,6,12,12,0
20,0,1,15,0,0,1,4,3,3,5,2,0,1,2,0,1,1,1,1,0,0,0,1,4,4,1,1,1,1,0,13,14,1,0,1,2,0,1,1,1,1,0,1,4,4,1,1,1,1,0,12,13,0
21,0,1,15,0,0,1,4,4,1,1,1,1,1,1,0,1,0,0,1,0,0,0,1,5,4,2,1,1,5,0,12,15,1,1,1,1,0,1,0,0,1,0,1,5,4,2,1,1,5,0,11,12,0
22,0,1,16,0,1,1,4,2,3,5,0,0,1,2,0,1,1,1,0,0,0,0,1,4,5,1,1,3,5,2,15,15,1,0,1,2,0,1,1,1,0,0,1,4,5,1,1,3,5,0,12,13,0
23,0,1,16,0,1,1,2,2,5,5,2,0,2,2,0,1,0,1,0,0,0,0,1,5,4,4,2,4,5,0,13,13,0,0,2,2,0,1,0,1,0,0,1,5,4,4,2,4,5,2,10,10,0
24,0,0,15,1,0,1,2,4,4,1,0,0,1,3,0,0,0,0,0,0,0,0,1,4,3,2,1,1,5,2,10,9,0,0,1,3,0,0,0,1,0,0,1,4,3,2,1,1,5,2,10,11,0
25,0,0,16,0,0,1,2,2,4,4,3,0,1,1,2,1,0,0,1,1,0,0,1,1,2,2,1,3,5,14,6,9,0,0,1,1,0,1,0,1,1,0,1,1,2,2,1,3,5,6,10,11,0
26,0,1,15,0,0,1,2,2,5,5,3,0,1,1,0,1,0,0,1,0,0,0,1,4,2,2,1,2,5,2,12,12,0,0,1,1,0,1,0,1,1,0,1,4,2,2,1,2,5,8,11,12,0
27,0,1,15,0,0,1,4,2,1,4,1,0,1,1,0,1,1,0,1,0,0,0,1,2,2,4,2,4,1,4,15,16,1,0,1,1,0,1,1,1,1,0,1,2,2,4,2,4,1,0,11,11,0
28,0,1,16,0,1,0,3,4,4,5,3,0,1,2,0,0,0,1,0,0,0,0,1,5,3,3,1,1,5,4,11,11,0,0,1,2,0,0,0,0,0,0,1,5,3,3,1,1,5,2,12,12,0
29,0,1,16,0,0,1,4,4,3,3,3,0,1,2,0,1,0,0,0,0,0,0,0,4,4,5,5,5,5,16,10,12,0,0,1,2,0,1,0,0,0,0,0,4,4,5,5,5,5,4,12,11,0
30,0,1,15,0,0,1,4,4,1,4,3,0,1,2,0,1,0,0,1,1,0,0,1,5,4,2,3,4,5,0,9,11,0,0,1,2,0,1,0,0,1,0,1,5,4,2,3,4,5,0,10,11,0
31,0,1,15,0,0,1,4,4,4,4,2,0,2,2,0,1,0,1,0,0,0,0,1,4,3,1,1,1,5,0,17,16,1,0,2,2,0,1,0,1,0,0,1,4,3,1,1,1,5,2,15,15,1
32,0,1,15,1,0,1,4,3,3,0,0,0,1,2,0,1,0,1,0,0,0,0,0,4,5,2,1,1,5,0,17,16,1,0,1,2,0,1,0,1,0,0,0,4,5,2,1,1,5,0,13,14,1
33,0,1,15,0,1,1,3,3,5,5,0,0,1,2,0,1,1,1,0,1,0,0,1,5,3,2,1,1,2,0,8,10,0,0,1,2,0,1,1,1,0,0,1,5,3,2,1,1,2,0,13,12,0
34,0,1,16,0,0,1,3,2,5,5,3,0,1,1,0,1,0,0,1,1,0,0,1,5,4,3,1,1,5,0,12,14,1,0,1,1,0,1,0,1,1,0,1,5,4,3,1,1,5,4,12,12,0
35,0,0,15,0,0,1,2,3,5,5,1,1,2,1,0,1,0,1,0,0,0,1,1,3,5,1,1,1,5,0,8,7,0,1,2,1,0,1,0,1,0,0,1,3,5,1,1,1,5,4,11,11,0
36,0,1,15,0,1,1,4,3,3,4,3,0,1,3,0,1,0,1,0,0,0,0,1,5,4,3,1,1,4,2,15,16,1,0,1,3,0,1,0,1,0,0,1,5,4,3,1,1,4,0,14,14,0
37,0,1,16,1,0,0,4,4,5,3,2,0,2,3,0,1,0,1,0,0,0,0,0,2,4,3,1,1,5,7,15,16,1,0,2,3,0,1,0,1,0,0,0,2,4,3,1,1,5,4,13,13,0
38,0,0,15,1,0,1,3,4,4,1,0,0,1,3,0,0,0,0,0,0,0,0,1,4,3,2,1,1,5,2,12,12,0,0,1,3,0,0,0,1,0,0,1,4,3,2,1,1,5,2,11,12,0
39,0,0,15,1,0,1,2,2,0,5,2,0,1,1,0,0,0,0,0,0,0,1,1,4,3,1,1,1,2,8,14,13,0,0,1,1,0,0,0,1,0,0,1,4,3,1,1,1,2,8,14,13,0
40,0,0,16,0,1,1,2,2,5,5,3,0,2,2,1,1,0,1,0,1,0,0,0,3,3,3,1,2,3,25,7,10,0,0,2,2,0,1,0,1,0,0,0,3,3,3,1,2,3,16,11,11,0
41,0,1,15,0,1,1,4,4,3,5,3,2,1,1,0,1,0,1,1,1,0,0,0,5,4,3,2,4,5,8,12,12,0,2,1,1,0,1,0,1,1,0,0,5,4,3,2,4,5,8,10,11,0
42,0,1,15,0,0,1,4,4,4,3,0,1,1,2,0,1,0,1,0,0,0,0,1,4,3,3,1,1,5,2,19,18,1,1,1,2,0,1,0,1,0,0,1,4,3,3,1,1,5,0,14,15,1
43,0,1,15,0,0,1,2,2,4,4,0,1,1,1,0,0,0,1,1,0,0,0,1,5,4,1,1,1,1,0,8,8,0,1,1,1,0,0,0,1,1,0,1,5,4,1,1,1,1,0,9,10,0
44,0,0,16,0,1,1,2,2,5,0,0,1,2,2,1,0,1,1,0,0,0,0,1,4,3,3,2,2,5,14,10,10,0,1,2,2,1,0,1,1,0,0,1,4,3,3,2,2,5,14,10,11,0
45,0,0,15,0,1,0,4,3,5,5,0,0,1,2,0,0,0,0,0,0,0,0,0,5,2,2,1,1,5,8,8,8,0,0,1,2,0,0,0,0,0,0,0,5,2,2,1,1,5,4,10,11,0
46,0,0,16,0,1,0,3,3,5,4,3,0,1,2,0,1,0,1,1,0,0,0,1,2,3,5,1,4,3,12,11,12,0,0,1,2,0,1,0,1,1,0,1,2,3,5,1,4,3,6,13,12,0
47,0,1,16,0,0,1,4,3,1,4,2,0,1,4,0,1,1,1,0,0,0,0,1,4,2,2,1,1,2,4,19,19,1,0,1,4,0,1,1,1,0,0,1,4,2,2,1,1,2,2,17,17,1
48,0,1,15,0,0,1,4,2,3,5,3,0,1,2,0,1,0,0,1,0,0,1,1,4,3,3,2,2,5,2,15,15,0,0,1,2,0,1,0,1,1,0,1,4,3,3,2,2,5,4,11,12,0
49,0,0,15,0,0,1,4,4,4,3,1,1,1,2,1,0,0,1,0,1,0,0,1,4,4,4,1,1,3,2,7,7,0,1,1,2,0,0,0,1,0,0,1,4,4,4,1,1,3,2,13,12,0
50,0,0,16,0,1,1,2,2,4,4,0,0,3,2,0,1,0,0,1,0,0,0,1,4,3,3,2,3,4,2,12,13,0,0,3,2,0,1,0,1,1,0,1,4,3,3,2,3,4,0,14,13,0
51,0,0,15,0,1,1,4,2,1,5,1,0,1,2,0,1,0,0,1,0,0,0,1,4,3,3,1,1,5,2,11,13,0,0,1,2,0,1,0,1,1,0,1,4,3,3,1,1,5,0,16,14,1
52,0,1,15,0,1,0,4,2,1,1,1,1,2,1,1,1,1,1,1,0,0,1,1,5,5,5,3,4,5,6,11,11,0,1,2,1,0,1,1,1,1,0,1,5,5,5,3,4,5,4,10,9,0
53,0,0,15,0,0,1,4,4,4,4,0,0,1,1,0,0,0,0,1,0,0,0,1,3,3,4,2,3,5,0,8,10,0,0,1,1,0,0,0,1,1,0,1,3,3,4,2,3,5,0,13,12,0
54,0,0,15,0,1,0,3,3,5,5,1,0,1,1,0,1,1,0,1,0,0,0,1,5,3,4,4,4,1,6,10,13,0,0,1,1,0,1,1,1,1,0,1,5,3,4,4,4,1,0,13,12,0
55,0,0,16,0,0,0,2,1,5,5,1,0,1,2,0,1,1,0,0,0,0,0,0,5,3,4,1,1,2,8,8,9,0,0,1,2,0,1,1,1,0,0,0,5,3,4,1,1,2,2,12,13,0
56,0,0,15,0,0,0,4,3,4,4,2,0,1,2,0,1,0,0,0,0,0,0,1,4,3,2,1,1,1,0,14,15,1,0,1,2,0,1,0,1,0,0,1,4,3,2,1,1,1,0,15,14,1
57,0,1,15,0,0,1,4,4,3,1,2,0,1,2,0,1,0,1,0,0,0,1,1,3,2,2,1,1,5,4,14,15,1,0,1,2,0,1,0,1,0,0,1,3,2,2,1,1,5,8,15,15,1
58,0,1,15,0,1,1,1,2,5,0,3,1,1,2,0,0,0,1,0,0,0,0,1,4,3,2,1,1,5,2,9,10,0,1,1,2,0,0,0,1,0,0,1,4,3,2,1,1,5,0,14,13,0
59,0,0,16,0,0,1,4,2,4,5,0,0,1,2,0,1,0,1,1,0,0,0,1,4,2,3,1,1,5,2,15,16,1,0,1,2,0,1,0,0,1,0,1,4,2,3,1,1,5,2,16,15,1
60,0,0,16,1,0,1,4,4,1,3,1,0,1,2,0,1,0,1,0,0,0,1,1,2,4,4,2,3,4,6,10,11,0,0,1,2,0,1,0,1,0,0,1,2,4,4,2,3,4,0,17,16,1
61,0,0,16,0,0,1,1,1,4,4,0,1,4,1,0,0,0,1,0,1,0,0,0,5,5,5,5,5,5,6,10,8,0,1,4,1,0,0,0,1,0,0,0,5,5,5,5,5,5,0,10,10,1
62,0,0,16,0,1,1,1,2,5,4,2,1,1,2,0,0,1,1,0,0,0,0,1,4,4,3,1,1,1,4,8,10,0,1,1,2,0,0,1,1,0,0,1,4,4,3,1,1,1,0,13,13,0
63,0,0,16,0,0,1,4,3,3,1,3,0,1,3,0,0,0,0,0,0,0,0,1,3,4,4,2,4,4,2,10,9,0,0,1,3,0,0,0,1,0,0,1,3,4,4,2,4,4,0,14,13,0
64,0,0,15,0,1,1,4,3,4,4,2,1,1,2,0,0,1,1,0,0,0,0,0,4,4,4,2,4,2,0,10,10,0,1,1,2,0,0,1,1,0,0,0,4,4,4,2,4,2,0,13,12,0
65,0,0,16,0,1,1,4,3,3,4,0,0,3,2,0,1,0,1,0,0,0,0,1,5,4,3,1,2,1,2,16,15,1,0,3,2,0,1,0,1,0,0,1,5,4,3,1,2,1,2,16,15,1
66,0,1,15,0,0,0,4,4,5,4,2,0,1,4,0,1,0,1,0,1,0,0,0,1,3,3,5,5,3,4,13,13,0,0,1,4,0,1,0,1,0,0,0,1,3,3,5,5,3,0,11,12,0
67,0,0,16,0,0,1,3,1,4,5,0,0,1,4,0,0,0,0,1,0,0,0,1,4,3,3,1,2,5,4,7,7,0,0,1,4,0,0,0,1,1,0,1,4,3,3,1,2,5,0,10,9,0
68,0,0,15,1,1,1,2,2,1,4,2,0,2,2,0,0,0,0,1,0,0,0,1,4,1,3,1,3,4,2,8,9,0,0,2,2,0,0,0,1,1,0,1,4,1,3,1,3,4,0,11,10,0
69,0,0,15,1,1,1,3,1,5,5,2,1,2,4,0,1,0,1,1,1,0,0,1,4,4,2,2,3,3,12,16,16,1,1,2,4,0,1,0,1,1,0,1,4,4,2,2,3,3,6,15,15,1
70,0,1,16,0,0,1,3,1,5,5,2,1,2,4,0,1,0,0,1,0,0,0,1,4,3,2,1,1,5,0,13,15,1,1,2,4,0,1,0,1,1,0,1,4,3,2,1,1,5,2,13,11,0
71,0,1,15,0,0,1,4,2,5,5,0,0,1,4,0,1,1,1,1,0,0,0,1,3,3,3,1,1,3,0,10,10,0,0,1,4,0,1,1,1,1,0,1,3,3,3,1,1,3,0,11,9,0
72,0,0,15,1,0,1,1,1,5,5,2,0,1,2,2,0,0,1,1,1,0,0,0,3,3,4,2,4,5,2,8,6,0,0,1,2,0,0,0,1,1,0,0,3,3,4,2,4,5,2,13,11,0
73,0,1,16,0,0,1,3,1,5,5,2,0,1,1,0,1,1,1,0,0,0,1,1,5,3,2,2,2,5,2,12,12,0,0,1,1,0,1,1,1,0,0,1,5,3,2,2,2,5,0,13,13,0
74,0,0,16,0,0,1,3,3,5,4,3,0,1,2,0,0,0,0,0,0,0,0,1,4,3,3,2,4,5,54,11,12,0,0,1,2,0,0,0,1,0,0,1,4,3,3,2,4,5,4,11,11,0
75,0,1,15,0,0,1,4,3,3,5,3,0,1,2,0,1,0,0,0,0,0,0,1,4,3,3,2,3,5,6,9,9,0,0,1,2,0,1,0,1,0,0,1,4,3,3,2,3,5,0,11,11,0
76,0,1,15,0,0,1,4,0,3,5,0,0,2,4,0,1,1,1,0,0,0,0,1,3,4,3,1,1,1,8,11,11,0,0,2,4,0,1,1,1,0,0,1,3,4,3,1,1,1,0,12,11,0
77,0,0,16,0,0,1,2,2,5,5,2,0,1,4,0,1,1,0,1,0,0,0,0,5,2,3,1,3,3,0,11,11,0,0,1,4,0,1,1,1,1,0,0,5,2,3,1,3,3,1,13,13,0
78,0,1,17,0,0,1,2,1,5,5,3,0,2,1,3,0,0,1,0,0,1,0,1,4,5,1,1,1,3,2,8,8,0,0,2,1,3,0,0,1,0,1,1,4,5,1,1,1,3,0,9,9,0
79,0,1,17,0,0,1,2,1,5,5,3,0,2,1,3,0,0,1,0,0,1,0,1,4,5,1,1,1,3,2,8,8,0,0,1,1,0,1,0,1,1,0,1,5,4,5,1,2,5,22,9,7,0
80,0,1,17,0,0,1,2,1,5,5,3,0,1,1,3,1,0,1,1,0,0,0,1,5,4,5,1,2,5,0,5,0,0,0,2,1,3,0,0,1,0,1,1,4,5,1,1,1,3,0,9,9,0
81,0,1,17,0,0,1,2,1,5,5,3,0,1,1,3,1,0,1,1,0,0,0,1,5,4,5,1,2,5,0,5,0,0,0,1,1,0,1,0,1,1,0,1,5,4,5,1,2,5,22,9,7,0
82,0,0,16,0,0,1,3,4,0,5,0,0,1,2,0,1,0,1,1,0,0,0,1,2,4,3,1,2,3,12,5,5,0,0,1,2,0,1,0,1,1,0,1,2,4,3,1,2,3,14,12,11,0
83,0,1,15,0,0,1,2,3,5,4,0,1,1,1,0,0,0,0,0,1,0,0,0,3,2,2,1,3,3,2,10,12,0,1,1,1,0,0,0,1,0,0,0,3,2,2,1,3,3,0,11,11,0
84,0,1,15,0,0,1,2,3,5,5,3,0,1,3,0,0,1,0,1,1,0,0,1,5,3,2,1,2,5,4,11,10,0,0,1,3,0,0,1,1,1,0,1,5,3,2,1,2,5,2,10,9,0
85,0,0,15,0,1,1,3,2,4,5,2,0,1,2,0,1,0,0,1,0,0,0,1,4,4,4,1,1,5,10,7,6,0,0,1,2,0,1,0,1,1,0,1,4,4,4,1,1,5,4,12,11,0
86,0,1,15,0,1,1,2,2,4,4,3,0,2,2,0,1,1,0,0,0,0,0,1,5,3,3,1,3,4,4,15,15,1,0,2,2,0,1,1,0,0,0,1,5,3,3,1,3,4,2,13,12,0
87,0,0,15,0,0,1,1,1,5,5,3,1,1,2,0,1,0,1,0,1,0,0,1,4,3,2,2,3,4,2,9,10,0,1,1,2,0,1,0,1,0,0,1,4,3,2,2,3,4,2,13,12,0
88,0,0,15,0,0,1,4,4,4,4,2,1,2,2,2,1,1,0,1,0,0,0,0,4,4,4,2,3,5,6,7,9,0,1,2,2,0,1,1,1,1,0,0,4,4,4,2,3,5,4,12,11,0
89,0,0,16,0,1,1,2,2,0,5,0,0,1,2,0,1,0,1,1,0,0,1,1,4,3,4,1,2,2,4,8,7,0,0,1,2,0,1,0,1,1,0,1,4,3,4,1,2,2,6,13,11,0
90,0,0,15,0,0,1,4,2,5,5,2,0,1,3,0,1,0,1,0,0,0,0,1,5,3,3,1,3,1,4,13,14,0,0,1,3,0,1,0,1,0,0,1,5,3,3,1,3,1,4,15,15,1
91,0,1,16,0,0,1,2,2,4,5,2,1,2,2,1,1,1,0,0,1,0,0,1,4,4,2,1,1,3,12,11,10,0,1,2,2,0,1,1,1,0,0,1,4,4,2,1,1,3,6,12,10,0
92,0,1,16,0,1,0,4,4,3,1,2,0,1,2,0,1,0,1,1,0,0,1,1,4,1,3,3,5,5,18,8,6,0,0,1,2,0,1,0,1,1,0,1,4,1,3,3,5,5,6,9,9,0
93,0,0,16,0,0,1,3,3,5,5,3,0,1,3,0,1,0,0,1,0,0,0,0,4,3,3,1,3,4,0,7,7,0,0,1,3,0,1,0,1,1,0,0,4,3,3,1,3,4,2,9,11,0
94,0,0,15,0,0,1,4,3,4,5,2,0,1,1,0,1,1,0,0,0,0,0,1,4,5,5,1,3,1,4,16,17,1,0,1,1,0,1,1,1,0,0,1,4,5,5,1,3,1,6,14,13,0
95,0,0,16,0,1,1,3,1,5,5,3,1,1,2,0,0,0,1,1,0,0,1,1,3,3,3,2,3,2,4,7,6,0,1,1,2,0,0,0,1,1,0,1,3,3,3,2,3,2,0,12,13,0
96,0,0,16,0,0,1,4,2,3,4,3,0,2,2,0,1,0,0,0,0,0,0,1,5,3,3,1,1,1,0,11,10,0,0,2,2,0,1,0,1,0,0,1,5,3,3,1,1,1,2,13,14,0
97,0,1,15,0,1,1,2,2,4,1,2,0,1,4,0,1,0,1,0,0,0,0,1,4,3,4,1,1,4,6,11,13,0,0,1,4,0,1,0,1,0,0,1,4,3,4,1,1,4,2,11,12,0
98,0,0,15,1,0,1,1,1,0,5,3,0,2,4,1,0,0,0,0,0,0,0,1,3,1,2,1,1,1,2,7,10,0,0,2,4,0,0,0,0,0,0,1,3,1,2,1,1,1,4,13,13,0
99,0,1,16,1,0,1,4,3,4,5,2,0,2,1,0,0,0,1,0,1,0,0,1,3,3,3,1,1,4,2,11,15,1,0,2,1,0,0,0,0,0,0,1,3,3,3,1,1,4,6,9,11,0
100,0,0,16,0,0,1,2,1,5,5,0,0,1,2,0,1,0,0,1,0,0,1,0,4,3,5,1,1,5,2,8,9,0,0,1,2,0,1,0,1,1,0,0,4,3,5,1,1,5,0,13,12,0
101,0,0,16,0,0,1,4,4,5,5,2,0,1,1,0,1,1,1,0,1,0,0,1,5,3,4,1,2,1,6,11,14,0,0,1,1,0,1,1,1,0,0,1,5,3,4,1,2,1,4,12,13,0
102,0,0,16,0,0,1,4,3,5,0,0,0,1,3,0,0,0,0,1,0,0,0,1,5,3,5,1,1,3,0,7,9,0,0,1,3,0,0,0,1,1,0,1,5,3,5,1,1,3,2,12,13,0
103,0,1,16,0,0,1,4,4,4,4,1,0,1,1,0,0,0,0,0,0,0,0,1,4,5,5,5,5,4,14,7,7,0,0,1,1,0,0,0,1,0,0,1,4,5,5,5,5,4,12,9,9,0
104,0,1,16,0,0,1,4,4,4,3,1,1,1,3,0,1,0,1,0,0,0,0,0,4,4,3,1,1,4,0,16,17,1,1,1,3,0,1,0,1,0,0,0,4,4,3,1,1,4,0,16,16,1
105,0,1,15,0,0,1,4,4,4,5,0,0,1,1,0,1,0,1,0,1,0,0,1,5,3,3,1,1,5,4,10,13,0,0,1,1,0,1,0,0,0,0,1,5,3,3,1,1,5,2,12,13,0
106,0,0,15,0,0,1,3,2,4,5,3,0,2,2,0,0,0,0,1,0,0,0,1,4,3,5,1,1,2,26,7,6,0,0,2,2,0,0,0,1,1,0,1,4,3,5,1,1,2,16,11,10,0
107,0,1,15,0,0,0,3,4,4,5,0,0,1,2,0,1,0,0,0,0,0,0,1,5,4,4,1,1,1,0,16,18,1,0,1,2,0,1,0,1,0,0,1,5,4,4,1,1,1,0,16,16,1
108,0,0,15,0,0,0,3,3,5,1,2,1,1,4,0,0,1,1,1,0,0,1,1,4,3,3,1,1,4,10,10,11,0,1,1,4,0,0,1,1,1,0,1,4,3,3,1,1,4,10,10,10,0
109,0,0,15,0,0,1,2,2,5,5,0,0,1,4,0,0,0,0,1,0,0,0,1,5,1,2,1,1,3,8,7,8,0,0,1,4,0,0,0,1,1,0,1,5,1,2,1,1,3,4,10,10,0
110,0,1,16,0,0,1,3,3,4,5,3,1,1,3,0,1,0,1,0,0,0,0,1,5,3,3,1,1,5,2,16,18,1,1,1,3,0,1,0,1,0,0,1,5,3,3,1,1,5,4,13,14,0
111,0,1,16,0,0,1,3,3,4,5,3,1,1,3,0,1,0,1,0,0,0,0,1,5,3,3,1,1,5,2,16,18,1,0,1,2,0,1,1,1,0,0,0,4,2,3,1,2,3,0,11,12,0
112,0,1,16,0,0,1,3,3,4,5,3,0,1,2,0,1,1,0,0,0,0,0,0,4,2,3,1,2,3,2,12,13,0,1,1,3,0,1,0,1,0,0,1,5,3,3,1,1,5,4,13,14,0
113,0,1,16,0,0,1,3,3,4,5,3,0,1,2,0,1,1,0,0,0,0,0,0,4,2,3,1,2,3,2,12,13,0,0,1,2,0,1,1,1,0,0,0,4,2,3,1,2,3,0,11,12,0
114,0,1,15,1,0,1,4,4,5,5,3,1,4,4,0,1,0,0,0,0,0,0,0,1,3,5,3,5,1,6,10,13,0,1,4,4,0,1,0,1,0,0,0,1,3,5,3,5,1,8,12,10,0
115,0,0,16,0,1,1,4,4,1,1,1,0,1,3,0,1,0,0,0,0,0,0,0,5,4,5,1,1,4,4,14,15,1,0,1,3,0,1,0,1,0,0,0,5,4,5,1,1,4,2,15,15,0
116,0,1,15,0,1,0,4,4,3,3,0,0,1,1,0,1,1,1,0,0,0,0,1,5,5,3,1,1,4,6,18,19,1,0,1,1,0,1,1,1,0,0,1,5,5,3,1,1,4,4,13,14,0
117,0,0,16,1,0,1,3,3,4,5,2,1,1,3,1,0,0,1,0,0,0,0,1,4,1,2,1,1,2,0,7,10,0,1,1,3,0,0,0,1,0,0,1,4,1,2,1,1,2,4,11,11,0
118,0,0,16,0,0,1,2,2,0,5,3,0,1,2,1,0,1,1,0,0,0,0,1,3,1,2,1,1,5,6,10,13,0,0,1,2,1,0,1,1,0,0,1,3,1,2,1,1,5,12,8,10,0
119,0,1,15,0,1,1,4,2,3,5,0,0,1,1,0,1,1,1,1,0,0,0,1,3,5,2,1,1,3,10,18,19,1,0,1,1,0,1,1,1,1,0,1,3,5,2,1,1,3,10,18,17,1
120,0,1,15,1,0,1,2,1,1,4,2,0,1,2,0,1,1,1,0,0,0,0,0,5,4,2,1,1,5,8,9,9,0,0,1,2,0,1,1,1,0,0,0,5,4,2,1,1,5,4,10,9,0
121,0,1,16,0,0,1,4,4,3,3,0,1,1,2,0,1,0,1,0,0,0,0,1,5,4,4,1,2,5,2,15,15,1,1,1,2,0,1,0,1,0,0,1,5,4,4,1,2,5,6,16,14,0
122,0,1,16,0,0,1,4,4,3,3,0,1,1,2,0,1,0,1,0,0,0,0,1,5,4,4,1,2,5,2,15,15,1,0,1,1,0,1,0,1,1,1,0,3,3,2,2,1,5,16,9,9,0
123,0,1,16,0,0,1,4,4,3,3,0,0,1,1,0,1,0,1,1,0,1,0,0,3,3,2,2,1,5,0,7,6,0,1,1,2,0,1,0,1,0,0,1,5,4,4,1,2,5,6,16,14,0
124,0,1,16,0,0,1,4,4,3,3,0,0,1,1,0,1,0,1,1,0,1,0,0,3,3,2,2,1,5,0,7,6,0,0,1,1,0,1,0,1,1,1,0,3,3,2,2,1,5,16,9,9,0
125,0,1,15,0,0,1,4,4,5,3,2,1,2,2,0,1,0,1,0,0,0,1,1,4,4,3,1,1,2,2,11,13,0,1,2,2,0,1,0,1,0,0,1,4,4,3,1,1,2,4,16,15,1
126,0,1,16,0,0,1,3,3,5,4,3,1,2,1,0,1,1,1,0,0,0,0,1,5,4,2,1,1,5,0,13,14,0,1,2,1,0,1,1,1,0,0,1,5,4,2,1,1,5,6,14,14,1
127,0,1,17,1,0,1,1,3,5,5,0,1,3,2,1,1,0,1,0,0,0,0,1,5,2,4,1,4,5,20,9,7,0,1,3,2,1,1,0,1,0,0,1,5,2,4,1,4,5,14,12,11,0
128,0,1,15,0,0,1,3,4,5,5,2,1,1,1,0,1,1,1,1,0,0,0,1,3,4,3,1,2,4,6,14,13,0,1,1,1,0,1,1,1,1,0,1,3,4,3,1,2,4,2,14,13,0
129,0,0,15,0,0,1,1,2,0,4,0,0,1,2,0,1,1,1,1,1,0,0,1,3,2,3,1,2,1,2,16,15,1,0,1,2,0,1,1,1,1,0,1,3,2,3,1,2,1,0,14,14,0
130,0,1,15,0,0,1,2,2,4,4,3,1,1,4,0,1,0,0,0,0,0,0,1,5,5,4,1,2,5,6,16,14,1,1,1,4,0,1,0,1,0,0,1,5,5,4,1,2,5,6,14,13,0
131,0,0,16,0,1,1,2,4,5,1,0,1,2,2,0,1,0,0,0,0,0,0,0,4,2,2,1,2,5,2,13,13,0,1,2,2,0,1,0,1,0,0,0,4,2,2,1,2,5,2,14,12,0
132,0,1,16,0,0,1,4,4,1,5,0,0,1,1,0,1,0,1,0,0,0,0,1,3,4,4,1,4,5,18,14,11,0,0,1,1,0,1,0,1,0,0,1,3,4,4,1,4,5,4,12,13,0
133,0,0,16,0,0,1,2,2,5,5,3,0,1,2,0,1,1,0,1,0,0,0,0,5,4,4,1,1,5,0,8,7,0,0,1,2,0,1,1,1,1,0,0,5,4,4,1,1,5,0,12,11,0
134,0,1,15,0,0,1,3,4,4,4,3,1,1,1,0,0,1,1,1,0,0,0,1,5,5,5,3,2,5,0,13,13,0,1,1,1,0,0,1,1,1,0,1,5,5,5,3,2,5,2,9,9,0
135,0,0,15,0,1,0,3,4,5,5,3,0,1,2,0,0,1,1,0,0,0,0,0,5,3,2,1,1,1,0,7,10,0,0,1,2,0,0,1,1,0,0,0,5,3,2,1,1,1,0,10,11,0
136,0,0,19,0,0,1,0,1,0,5,0,2,1,2,3,1,0,1,1,1,1,1,1,3,4,2,1,1,5,2,7,8,0,2,1,2,2,1,0,1,1,1,1,3,4,2,1,1,5,0,9,10,0
137,0,1,16,1,0,1,4,4,3,3,0,0,1,1,0,1,1,0,0,0,0,0,1,3,5,5,2,5,4,8,18,18,1,0,1,1,0,1,1,1,0,0,1,3,5,5,2,5,4,8,14,14,1
138,0,0,15,1,0,1,3,4,4,3,0,1,2,3,2,1,0,1,1,0,0,0,0,4,2,2,2,2,5,0,12,0,0,1,2,3,0,1,0,1,1,0,0,4,2,2,2,2,5,0,10,11,0
139,0,0,15,0,0,1,1,1,0,5,0,0,3,1,0,1,0,1,0,1,0,0,0,4,3,3,1,2,4,0,8,0,0,0,3,1,0,1,0,1,0,0,0,4,3,3,1,2,4,6,11,12,0
140,0,0,17,0,1,1,2,2,5,5,0,1,1,1,0,1,0,1,1,0,0,0,0,3,4,4,1,3,5,12,10,13,0,1,1,1,0,1,0,1,1,0,0,3,4,4,1,3,5,2,13,12,0
141,0,0,16,0,0,0,3,4,4,5,0,1,1,1,0,1,1,1,1,0,0,0,1,3,2,1,1,4,5,16,12,11,0,1,1,1,0,1,1,1,1,0,1,3,2,1,1,4,5,12,15,13,0
142,0,1,15,1,0,1,3,4,0,3,0,0,4,2,0,1,0,1,1,0,0,1,0,5,3,3,1,1,5,0,9,0,0,0,4,2,0,1,0,1,1,0,0,5,3,3,1,1,5,2,12,11,0
143,0,0,15,0,0,1,4,4,4,0,0,0,1,3,0,1,0,1,0,0,0,0,0,4,3,3,1,1,5,0,11,0,0,0,1,3,0,1,0,1,0,0,0,4,3,3,1,1,5,4,13,14,1
144,0,1,17,1,0,1,3,4,0,5,0,0,3,2,0,1,1,1,1,0,0,1,1,5,4,5,2,4,5,0,10,0,0,0,3,2,0,1,1,1,1,0,1,5,4,5,2,4,5,2,10,9,0
145,0,0,16,0,0,0,3,3,5,5,0,2,2,1,2,1,0,1,0,1,0,0,0,4,3,2,1,1,5,0,4,0,0,2,2,1,0,1,0,1,0,0,0,4,3,2,1,1,5,4,9,9,0
146,0,1,16,0,1,1,1,1,4,5,0,0,1,2,1,1,1,1,1,0,0,1,0,4,4,4,1,3,5,0,14,12,0,0,1,2,2,1,1,1,1,0,0,4,4,4,1,3,5,0,10,10,0
147,0,0,15,0,0,1,4,4,3,3,0,0,2,1,0,1,1,1,0,0,0,0,1,4,3,2,1,1,5,0,16,16,1,0,2,1,0,1,1,1,0,0,1,4,3,2,1,1,5,6,13,14,0
148,0,1,15,0,0,1,4,3,3,4,0,1,2,4,0,0,0,1,1,0,0,0,1,2,2,2,1,1,3,0,7,9,0,1,2,4,0,0,0,1,1,0,1,2,2,2,1,1,3,6,9,11,0
149,0,1,16,0,1,1,2,2,4,4,2,1,2,1,2,1,0,1,0,0,0,0,1,2,3,3,2,2,2,8,9,9,0,1,2,1,0,1,0,1,0,0,1,2,3,3,2,2,2,4,12,11,0
150,0,0,15,0,0,1,4,4,3,4,0,0,1,3,0,1,0,0,0,0,0,0,1,4,2,2,1,1,5,2,9,11,0,0,1,3,0,1,0,1,0,0,1,4,2,2,1,1,5,2,13,13,0
151,0,0,16,0,1,1,1,1,0,0,0,0,1,1,0,1,1,1,1,0,0,0,1,3,4,4,3,3,1,2,14,14,0,0,1,1,0,1,1,1,1,0,1,3,4,4,3,3,1,4,10,11,0
152,0,0,15,0,0,1,1,1,5,4,0,1,1,2,0,1,0,0,1,0,0,0,1,4,4,2,1,2,5,0,8,11,0,1,1,2,0,1,0,1,1,0,1,4,4,2,1,2,5,0,12,12,0
153,0,0,15,0,0,1,3,2,1,4,3,1,1,2,3,1,0,1,1,0,0,0,1,3,3,2,1,1,3,0,6,7,0,1,1,2,1,1,0,1,1,0,1,3,3,2,1,1,3,2,11,11,0
154,0,0,15,0,0,1,1,2,0,5,0,0,1,2,0,1,0,0,1,1,0,0,1,4,3,2,1,1,5,2,10,11,0,0,1,2,0,1,0,1,1,0,1,4,3,2,1,1,5,6,13,12,0
155,0,1,15,0,1,0,2,1,4,5,0,0,4,1,3,1,1,1,1,0,0,0,1,4,5,5,2,5,5,0,8,9,0,0,4,1,0,1,1,1,1,0,1,4,5,5,2,5,5,0,12,11,0
156,0,1,18,0,1,1,1,1,5,5,0,0,1,1,3,1,1,1,1,0,1,0,0,2,3,5,2,5,4,0,6,5,0,0,1,1,2,1,1,1,1,1,0,2,3,5,2,5,4,0,11,9,0
157,0,1,16,0,1,1,2,1,0,5,0,0,1,1,1,1,1,1,0,0,0,1,0,4,4,4,3,5,5,6,12,13,0,0,1,1,1,1,1,1,0,0,0,4,4,4,3,5,5,6,9,10,0
158,0,0,15,1,0,1,3,3,4,4,2,2,2,3,2,1,0,0,0,0,0,0,0,4,2,1,2,3,3,8,10,10,0,2,2,3,0,1,0,0,0,0,0,4,2,1,2,3,3,2,13,13,0
159,0,1,19,0,0,1,3,2,4,0,3,0,1,1,3,1,0,1,1,0,1,0,0,4,5,4,1,1,4,0,5,0,0,0,1,1,0,1,0,1,1,1,0,4,5,4,1,1,4,6,11,9,0
160,0,0,17,0,0,1,4,4,5,3,0,0,1,1,0,0,0,1,1,0,0,1,0,4,2,1,1,1,4,0,11,11,0,0,1,1,0,0,0,1,1,0,0,4,2,1,1,1,4,0,13,13,0
161,0,1,15,1,0,1,2,3,0,4,0,0,1,2,0,0,1,0,0,0,0,1,1,4,4,4,1,1,1,2,11,8,0,0,1,2,0,0,1,0,0,0,1,4,4,4,1,1,1,0,7,8,0
162,0,1,17,1,1,1,1,2,5,5,2,0,1,1,0,1,1,1,1,0,0,1,1,2,2,2,3,3,5,8,16,12,0,0,1,1,3,1,1,1,1,0,1,2,2,2,3,3,5,14,9,8,0
163,0,0,18,1,0,1,1,1,0,5,0,0,3,1,3,1,0,1,0,1,0,1,1,5,2,5,1,5,4,6,9,8,0,0,3,1,3,1,0,1,0,0,1,5,2,5,1,5,4,6,11,10,0
164,0,1,16,1,0,1,2,2,0,5,0,0,3,1,0,1,1,1,1,1,0,1,1,4,2,2,1,2,3,2,17,15,1,0,3,1,0,1,1,1,1,0,1,4,2,2,1,2,3,4,12,10,0
165,0,1,16,0,0,1,3,3,5,4,0,1,1,2,1,1,0,0,1,0,0,0,0,4,5,5,4,4,5,4,10,12,0,1,1,2,1,1,0,1,1,0,0,4,5,5,4,4,5,0,10,10,0
166,0,1,17,1,1,1,2,1,0,5,0,0,2,1,2,1,1,1,0,0,1,0,0,3,3,2,2,2,5,0,7,6,0,0,2,1,1,1,1,0,0,1,0,3,3,2,2,2,5,8,8,8,0
167,0,1,17,1,1,1,1,1,5,4,0,0,4,2,3,1,1,1,0,0,1,1,0,5,3,5,1,5,5,0,5,8,0,0,4,2,0,1,1,1,0,1,0,5,3,5,1,5,5,0,8,8,0
168,0,1,16,0,0,1,2,2,5,5,0,1,1,2,0,1,1,1,1,0,1,0,1,4,3,5,2,4,4,4,10,10,0,1,1,2,0,1,1,1,1,1,1,4,3,5,2,4,4,0,9,10,0
169,0,0,16,0,0,1,4,2,1,4,3,1,1,2,0,1,1,0,1,0,0,0,0,4,2,3,1,1,3,0,14,15,1,1,1,2,0,1,1,1,1,0,0,4,2,3,1,1,3,0,17,17,1
170,0,0,16,0,0,1,2,2,5,5,3,0,1,2,0,1,0,0,1,1,0,0,1,5,1,5,1,1,4,0,6,7,0,0,1,2,0,1,0,1,1,0,1,5,1,5,1,1,4,0,12,12,0
171,0,0,16,0,0,1,4,4,1,1,2,0,1,2,0,1,0,0,1,0,0,0,0,4,4,2,1,1,3,0,14,14,0,0,1,2,0,1,0,1,1,0,0,4,4,2,1,1,3,0,16,16,1
172,0,1,16,0,0,1,3,4,5,5,0,1,3,1,2,1,0,1,0,1,0,0,1,3,4,5,2,4,2,0,6,5,0,1,3,1,1,1,0,1,0,0,1,3,4,5,2,4,2,4,9,9,0
173,0,1,16,0,0,1,1,0,5,5,2,0,2,2,0,1,0,0,0,0,0,0,0,4,3,2,1,1,3,2,13,15,1,0,2,2,0,1,0,1,0,0,0,4,3,2,1,1,3,0,16,17,1
174,0,1,17,0,1,1,4,4,3,5,2,0,1,2,0,1,0,0,0,0,0,0,1,4,4,4,1,3,5,0,13,11,0,0,1,2,0,1,0,1,0,0,1,4,4,4,1,3,5,0,11,9,0
175,0,0,16,0,0,1,1,3,0,4,3,0,1,2,3,1,1,1,0,1,0,0,0,4,3,5,1,1,3,0,8,7,0,0,1,2,0,1,1,1,0,0,0,4,3,5,1,1,3,0,14,13,0
176,0,0,16,0,1,1,3,3,5,5,2,0,2,2,0,1,0,0,0,0,0,0,1,4,4,5,1,1,4,4,10,11,0,0,2,2,0,1,0,1,0,0,1,4,4,5,1,1,4,0,14,14,1
177,0,1,17,0,1,1,4,3,3,5,0,0,2,2,0,1,1,0,0,0,0,0,1,4,4,4,4,4,4,4,10,9,0,0,2,2,0,1,1,1,0,0,1,4,4,4,4,4,4,0,10,11,0
178,0,0,16,0,0,1,2,2,4,5,2,0,2,2,0,1,1,0,0,1,0,0,1,3,4,4,1,4,5,2,13,13,0,0,2,2,0,1,1,1,0,0,1,3,4,4,1,4,5,0,13,12,0
179,0,1,17,0,0,1,3,3,5,5,2,1,1,2,0,1,1,1,0,1,0,0,1,4,3,4,1,4,4,4,6,5,0,1,1,2,0,1,1,1,0,0,1,4,3,4,1,4,4,4,11,9,0
180,0,1,16,1,0,1,4,2,3,4,1,0,1,1,0,1,0,1,0,0,0,0,0,4,3,3,3,4,3,10,10,8,0,0,1,1,0,1,0,1,0,0,0,4,3,3,3,4,3,8,10,9,0
181,0,1,17,0,0,1,4,3,5,5,0,0,1,2,0,1,0,1,0,0,0,0,0,5,2,3,1,1,2,4,10,10,0,0,1,2,0,1,0,0,0,0,0,5,2,3,1,1,2,4,11,11,0
182,0,1,16,0,0,1,4,3,3,5,3,0,1,2,0,1,0,0,0,0,0,0,1,3,4,3,2,3,3,10,9,8,0,0,1,2,0,1,0,0,0,0,1,3,4,3,2,3,3,4,11,10,0
183,0,0,17,0,0,1,2,4,4,4,2,1,1,2,0,1,0,1,0,0,0,1,1,5,4,2,2,3,5,0,16,17,1,1,1,2,0,1,0,1,0,0,1,5,4,2,2,3,5,0,17,18,1
184,0,0,17,0,1,1,3,3,5,5,2,0,1,2,0,1,0,1,0,0,0,0,0,5,3,3,2,3,1,56,9,9,0,0,1,2,0,1,0,1,0,0,0,5,3,3,2,3,1,32,14,13,0
185,0,0,16,0,0,1,3,2,5,5,2,0,1,2,0,1,0,0,1,0,0,0,1,1,2,2,1,2,1,14,12,13,0,0,1,2,0,1,0,1,1,0,1,1,2,2,1,2,1,8,14,15,1
186,0,1,17,0,0,1,3,3,4,4,1,0,1,2,0,1,0,1,0,0,0,0,0,4,3,4,2,3,4,12,12,12,0,0,1,2,0,1,0,1,0,0,0,4,3,4,2,3,4,6,11,13,0
187,0,1,16,0,0,1,1,2,4,4,1,0,1,1,0,1,0,0,0,0,0,0,0,3,3,3,1,2,3,2,11,12,0,0,1,1,0,1,0,1,0,0,0,3,3,3,1,2,3,0,10,9,0
188,0,1,16,0,1,1,2,1,5,5,0,0,1,2,0,1,1,0,0,0,0,0,0,4,2,3,1,2,5,0,15,15,1,0,1,2,0,1,1,1,0,0,0,4,2,3,1,2,5,0,13,14,1
189,0,0,17,0,0,0,3,3,1,5,2,0,1,2,0,1,0,1,1,1,0,0,0,3,3,3,1,3,3,6,8,7,0,0,1,2,0,1,0,1,1,0,0,3,3,3,1,3,3,10,12,13,0
190,0,1,17,1,0,1,1,2,0,5,3,0,1,2,0,1,1,1,1,0,0,1,1,3,1,3,1,5,3,4,8,9,0,0,1,2,0,1,1,1,1,0,1,3,1,3,1,5,3,6,9,9,0
191,0,0,16,0,0,1,2,3,4,4,0,0,1,2,0,1,1,1,1,0,0,0,1,4,3,3,1,1,2,10,11,12,0,0,1,2,0,1,1,1,1,0,1,4,3,3,1,1,2,6,12,12,0
192,0,0,17,0,0,1,1,1,0,4,0,0,1,2,0,1,1,1,0,0,0,0,1,5,3,3,1,1,3,0,8,8,0,0,1,2,0,1,1,1,0,0,1,5,3,3,1,1,3,0,12,11,0
193,0,1,17,0,0,1,1,2,0,4,1,2,2,2,0,1,1,0,0,1,0,0,1,4,4,4,4,5,5,12,7,8,0,2,2,2,0,1,1,1,0,0,1,4,4,4,4,5,5,16,10,11,0
194,0,1,16,1,0,1,3,3,4,4,2,0,1,1,0,1,0,1,0,0,0,0,1,4,3,2,3,4,5,8,8,9,0,0,1,1,0,1,0,1,0,0,1,4,3,2,3,4,5,0,11,10,0
195,0,1,16,0,0,1,2,3,5,5,3,1,2,1,0,1,1,1,1,0,0,0,1,5,3,3,1,1,3,0,13,14,0,1,2,1,0,1,1,1,1,0,1,5,3,3,1,1,3,0,13,12,0
196,0,0,17,0,1,1,2,4,4,4,0,1,1,2,0,1,1,1,0,0,0,0,0,4,3,2,1,1,5,0,14,15,1,1,1,2,0,1,1,1,0,0,0,4,3,2,1,1,5,8,14,15,1
197,0,1,17,0,0,1,4,4,4,3,3,0,1,1,0,1,1,1,1,0,0,0,1,5,2,3,1,2,5,4,17,15,1,0,1,1,0,1,1,1,1,0,1,5,2,3,1,2,5,4,13,13,0
198,0,1,16,1,1,1,3,3,3,5,3,1,3,1,0,1,0,0,0,0,0,0,1,3,3,4,3,5,3,8,9,9,0,1,3,1,0,1,0,1,0,0,1,3,3,4,3,5,3,16,10,11,0
199,0,0,17,0,0,1,4,4,4,3,3,0,2,1,1,1,0,1,1,0,0,0,1,4,2,4,2,3,2,24,18,18,1,0,2,1,1,1,0,1,1,0,1,4,2,4,2,3,2,30,14,15,1
200,0,0,16,0,1,1,4,4,3,3,2,0,1,2,0,1,0,0,1,0,0,0,1,4,5,2,1,2,3,0,9,9,0,0,1,2,0,1,0,1,1,0,1,4,5,2,1,2,3,0,11,10,0
201,0,0,16,0,0,1,4,3,1,5,3,0,1,2,0,1,0,1,0,0,0,0,1,4,3,5,1,5,2,2,16,16,1,0,1,2,0,1,0,1,0,0,1,4,3,5,1,5,2,2,14,14,1
202,0,0,16,0,0,1,2,3,5,5,2,0,1,2,0,0,0,0,0,0,0,1,1,4,4,3,1,3,4,6,8,10,0,0,1,2,0,0,0,1,0,0,1,4,4,3,1,3,4,4,11,12,0
203,0,0,17,0,0,1,1,1,5,5,0,0,1,2,0,1,0,0,1,1,0,1,1,4,4,4,1,3,1,4,9,9,0,0,1,2,0,1,0,1,1,0,1,4,4,4,1,3,1,0,14,15,1
204,0,0,17,1,0,1,2,2,5,5,2,0,1,1,0,1,0,1,1,0,0,0,1,5,3,2,1,2,3,18,7,6,0,0,1,1,0,1,0,1,1,0,1,5,3,2,1,2,3,21,13,13,0
205,0,0,16,1,0,1,2,2,4,4,2,0,2,4,0,1,0,0,0,1,0,0,1,5,3,5,1,1,5,6,10,10,0,0,2,4,0,1,0,1,0,0,1,5,3,5,1,1,5,6,13,13,0
206,0,0,17,0,0,1,3,4,0,4,3,0,1,3,1,1,0,0,1,0,0,0,0,4,4,3,3,4,5,28,10,9,0,0,1,3,1,1,0,0,1,0,0,4,4,3,3,4,5,14,8,9,0
207,0,0,16,0,0,0,3,1,4,5,0,0,1,2,3,1,0,0,1,0,0,0,1,2,3,3,2,2,4,5,7,7,0,0,1,2,0,1,0,1,1,0,1,2,3,3,2,2,4,2,11,11,0
208,0,0,16,0,0,1,4,3,3,5,1,0,1,2,0,1,1,0,0,0,0,0,0,1,3,2,1,1,1,10,11,12,0,0,1,2,0,1,1,1,0,0,0,1,3,2,1,1,1,4,14,15,1
209,0,0,16,0,0,1,1,1,0,5,3,0,2,1,0,1,0,0,1,0,0,1,1,4,3,2,1,4,5,6,9,9,0,0,2,1,0,1,0,1,1,0,1,4,3,2,1,4,5,2,12,13,0
210,0,0,17,1,0,1,4,3,3,5,2,0,2,3,0,1,0,0,0,0,0,0,0,4,4,2,1,1,4,6,7,7,0,0,2,3,0,1,0,1,0,0,0,4,4,2,1,1,4,0,11,12,0
211,0,0,19,0,0,1,3,3,5,5,2,2,1,4,0,1,0,0,0,0,0,0,1,4,3,3,1,2,3,10,8,8,0,2,1,4,0,1,0,1,0,0,1,4,3,3,1,2,3,4,12,12,0
212,0,1,17,0,1,1,4,4,4,5,3,0,1,2,0,1,0,0,1,0,0,0,0,5,3,5,4,5,3,13,12,12,0,0,1,2,0,1,0,1,1,0,0,5,3,5,4,5,3,15,13,12,0
213,0,0,16,0,0,0,2,2,5,5,2,0,1,2,0,0,0,0,1,0,0,0,1,3,3,4,1,1,4,0,12,13,0,0,1,2,0,0,0,1,1,0,1,3,3,4,1,1,4,0,13,13,0
214,0,1,18,0,0,1,2,2,4,5,3,0,1,2,1,1,0,0,0,0,0,0,1,4,4,4,2,4,5,15,6,7,0,0,1,2,0,1,0,1,0,0,1,4,4,4,2,4,5,10,12,11,0
215,0,0,17,1,1,1,4,4,4,5,1,0,1,1,0,1,0,0,1,0,0,1,1,5,2,1,1,2,3,12,8,10,0,0,1,1,0,1,0,1,1,0,1,5,2,1,1,2,3,6,12,11,0
216,0,0,17,0,1,1,3,2,5,5,2,0,2,2,0,1,1,0,1,0,0,0,1,4,4,4,1,3,1,2,14,15,1,0,2,2,0,1,1,1,1,0,1,4,4,4,1,3,1,2,14,16,1
217,0,0,17,0,0,1,4,3,5,5,2,0,1,2,2,1,1,0,1,0,0,0,0,3,4,5,2,4,1,22,6,6,0,0,1,2,0,1,1,1,1,0,0,3,4,5,2,4,1,16,11,9,0
218,0,1,18,0,1,1,3,3,4,1,3,1,1,2,1,1,0,0,1,0,0,0,1,3,2,4,2,4,4,13,6,6,0,1,1,2,0,1,0,1,1,0,1,3,2,4,2,4,4,10,10,10,0
219,0,0,17,0,0,1,2,3,0,5,3,1,2,1,0,1,0,0,1,0,0,1,1,3,3,3,1,4,3,3,7,7,0,1,2,1,0,1,0,1,1,0,1,3,3,3,1,4,3,4,12,13,0
220,0,0,17,0,0,1,2,2,0,0,0,0,1,3,0,1,0,0,0,0,0,0,1,4,3,3,1,1,4,4,9,10,0,0,1,3,0,1,0,1,0,0,1,4,3,3,1,1,4,0,12,12,0
221,0,0,17,1,0,1,2,1,0,4,2,0,2,2,0,1,0,1,0,0,0,0,1,4,2,5,1,2,5,2,6,6,0,0,2,2,0,1,0,1,0,0,1,4,2,5,1,2,5,0,11,10,0
222,0,0,17,0,0,1,1,1,0,5,2,0,1,3,1,1,0,1,0,0,0,1,0,4,3,4,1,1,5,0,6,5,0,0,1,3,0,1,0,1,0,0,0,4,3,4,1,1,5,12,12,12,0
223,0,0,16,0,0,1,2,3,4,3,1,0,1,2,0,0,1,1,1,0,0,0,1,2,3,1,1,1,3,2,16,16,1,0,1,2,0,0,1,1,1,0,1,2,3,1,1,1,3,0,13,13,0
224,0,1,18,0,0,1,2,2,5,5,3,0,2,2,0,1,0,0,1,0,0,0,1,3,3,3,5,5,4,0,12,13,0,0,2,2,3,1,0,0,1,0,1,3,3,3,5,5,4,9,10,9,0
225,0,0,16,0,0,1,4,4,3,4,3,0,1,3,0,1,0,1,0,1,0,0,1,5,3,2,1,1,5,0,13,13,0,0,1,3,0,1,0,1,0,0,1,5,3,2,1,1,5,4,15,16,1
226,0,0,18,1,0,1,3,1,5,5,2,0,1,2,1,1,1,1,0,0,0,0,0,5,3,3,1,1,4,16,9,8,0,0,1,2,0,1,1,1,0,0,0,5,3,3,1,1,4,4,8,8,0
227,0,0,17,0,0,1,3,2,5,5,0,0,1,2,0,1,1,1,0,1,0,0,1,5,3,4,1,3,3,10,16,15,1,0,1,2,0,1,1,1,0,0,1,5,3,4,1,3,3,2,17,18,1
228,0,1,17,0,1,1,2,3,4,4,2,1,1,2,0,1,0,0,1,1,0,0,1,5,3,3,1,3,3,2,12,11,0,1,1,2,0,1,0,1,1,0,1,5,3,3,1,3,3,0,10,11,0
229,0,1,18,0,1,1,2,1,0,5,0,0,4,2,0,0,0,0,0,0,0,0,0,4,3,2,4,5,3,14,10,8,0,0,4,2,0,0,0,1,0,0,0,4,3,2,4,5,3,2,9,10,0
230,0,0,17,0,0,0,2,1,5,5,0,0,2,3,0,1,1,1,0,0,0,0,0,3,2,3,1,2,3,10,12,10,0,0,2,3,0,1,1,1,0,0,0,3,2,3,1,2,3,0,15,15,1
231,0,0,17,0,1,1,4,3,1,5,2,1,1,2,0,1,1,1,0,0,0,0,0,3,2,3,1,2,3,14,13,13,0,1,1,2,0,1,1,1,0,0,0,3,2,3,1,2,3,0,14,12,0
232,0,1,17,1,0,1,2,2,5,5,0,1,2,2,0,1,0,0,0,0,0,0,1,4,5,2,1,1,1,4,11,11,0,1,2,2,0,1,0,1,0,0,1,4,5,2,1,1,1,0,12,13,0
233,0,1,17,0,0,1,4,4,3,3,2,0,1,2,0,0,0,1,0,0,0,0,0,4,5,5,1,3,2,14,11,9,0,0,1,2,0,0,0,1,0,0,0,4,5,5,1,3,2,0,13,13,0
234,0,1,16,0,0,1,4,4,1,5,2,1,1,2,0,1,0,0,0,0,0,0,1,4,2,4,2,4,1,2,14,13,0,1,1,2,0,1,0,1,0,0,1,4,2,4,2,4,1,0,13,13,0
235,0,1,16,0,1,1,1,1,5,5,3,0,2,2,0,1,0,0,1,0,0,0,1,3,4,2,1,1,5,18,9,7,0,0,2,2,0,1,0,1,1,0,1,3,4,2,1,1,5,2,9,9,0
236,0,1,16,0,0,1,3,2,0,5,2,0,2,3,0,1,1,1,0,0,0,0,0,5,3,3,1,3,2,10,11,9,0,0,2,3,0,1,1,1,0,0,0,5,3,3,1,3,2,0,12,12,0
237,0,1,17,0,1,1,2,2,5,5,3,1,1,2,0,1,1,0,0,1,0,0,0,4,4,2,5,5,4,4,14,13,0,1,1,2,0,1,1,1,0,0,0,4,4,2,5,5,4,0,16,16,1
238,0,0,16,0,0,1,2,1,5,5,3,0,1,1,0,1,1,1,1,0,0,0,0,4,5,2,1,1,5,20,13,12,0,0,1,1,0,1,1,1,1,0,0,4,5,2,1,1,5,4,9,10,0
239,0,0,17,1,0,1,2,1,0,4,0,0,3,2,0,1,1,1,0,0,0,1,1,2,1,1,1,1,3,2,13,11,0,0,3,2,0,1,1,1,0,0,1,2,1,1,1,1,3,2,13,13,0
240,0,1,18,0,0,1,2,2,5,4,2,1,1,2,1,1,1,1,1,0,1,0,1,5,5,4,3,5,2,0,7,7,0,1,1,2,0,1,1,1,1,1,1,5,5,4,3,5,2,16,8,7,0
241,0,1,17,0,1,1,4,3,1,5,0,0,2,2,0,1,1,1,0,0,0,0,0,2,5,5,1,4,5,14,12,12,0,0,2,2,0,1,1,1,0,0,0,2,5,5,1,4,5,8,15,15,1
242,0,1,17,1,1,0,4,4,3,5,0,0,2,2,0,1,0,0,1,0,0,0,1,3,3,3,2,3,4,2,10,11,0,0,2,2,0,1,0,1,1,0,1,3,3,3,2,3,4,0,12,12,0
243,0,1,16,0,1,1,4,3,3,5,0,0,1,1,0,1,1,1,0,1,0,0,1,5,4,5,1,1,3,0,6,0,0,0,1,1,0,1,1,1,0,0,1,5,4,5,1,1,3,7,14,14,1
244,0,1,16,0,0,1,4,4,4,4,0,0,1,1,0,1,1,1,0,0,0,0,1,5,3,2,1,2,5,0,13,12,0,0,1,3,0,1,0,1,0,0,1,5,3,3,1,3,5,0,15,13,0
245,0,1,16,0,0,1,4,4,4,4,0,0,1,1,0,1,1,1,0,0,0,0,1,5,3,2,1,2,5,0,13,12,0,0,1,1,0,1,1,0,0,0,1,5,3,2,1,2,5,4,14,15,1
246,0,0,18,0,0,1,2,1,5,5,0,2,2,3,0,1,0,0,1,1,0,0,0,4,4,4,1,1,3,0,7,0,0,2,2,3,0,1,0,1,1,0,0,4,4,4,1,1,3,10,12,10,0
247,0,1,16,0,0,1,2,1,5,5,0,0,3,1,0,1,1,1,1,0,0,0,1,4,3,3,1,1,4,6,18,18,1,0,3,1,0,1,1,1,1,0,1,4,3,3,1,1,4,7,15,16,1
248,0,1,17,0,0,1,2,3,5,5,0,1,2,1,0,1,1,1,1,0,0,0,1,5,2,2,1,1,2,4,12,12,0,1,2,1,0,1,1,1,1,0,1,5,2,2,1,1,2,2,9,12,0
249,0,1,22,0,0,1,3,1,4,4,1,0,1,1,3,1,1,1,1,1,1,0,0,5,4,5,5,5,1,16,6,8,0,0,1,1,3,1,1,1,1,1,0,5,4,5,5,5,1,12,7,8,0
250,0,1,18,1,1,1,3,3,5,4,0,0,1,2,1,1,0,1,1,0,0,0,0,4,3,3,1,3,5,8,3,5,0,0,1,2,0,1,0,1,1,0,0,4,3,3,1,3,5,8,10,9,0
251,0,1,16,0,0,1,0,2,5,5,1,0,1,1,0,1,1,0,1,1,0,0,1,4,3,2,2,4,5,0,13,15,1,0,1,1,0,1,1,1,1,0,1,4,3,2,2,4,5,0,11,12,0
252,0,1,18,0,0,1,3,2,4,5,0,0,2,1,1,1,1,1,1,0,1,0,1,4,4,5,2,4,5,0,6,8,0,0,2,1,0,1,1,1,1,1,1,4,4,5,2,4,5,8,7,8,0
253,0,1,16,0,0,1,3,3,0,5,2,2,3,2,0,0,0,1,1,1,0,0,1,5,3,3,1,3,2,6,7,10,0,2,3,2,1,0,0,1,1,0,1,5,3,3,1,3,2,4,9,11,0
254,0,1,18,0,0,1,2,1,4,4,1,0,1,1,1,1,1,1,1,1,1,0,1,3,2,5,2,5,5,4,6,9,0,0,1,1,2,1,1,1,1,1,1,3,2,5,2,5,5,4,7,8,0
255,0,1,16,1,0,1,2,1,5,5,0,0,2,1,0,1,1,1,0,1,0,1,1,3,3,2,1,3,3,0,8,9,0,0,2,1,0,1,1,1,0,0,1,3,3,2,1,3,3,2,14,13,0
256,0,1,17,1,0,1,2,1,5,5,0,0,1,1,0,1,1,1,1,1,0,0,1,4,4,2,2,4,5,0,8,12,0,0,1,1,0,1,1,1,1,0,1,4,4,2,2,4,5,0,12,12,0
257,0,1,17,0,1,1,1,1,1,5,0,0,2,1,1,1,0,1,0,0,0,0,1,4,4,4,1,2,5,2,7,9,0,0,2,1,1,1,0,1,0,0,1,4,4,4,1,2,5,0,9,10,0
258,0,0,17,0,1,1,4,2,3,4,2,0,1,4,0,1,0,0,0,0,0,0,1,4,2,3,1,1,4,6,14,12,0,0,1,4,0,1,0,1,0,0,1,4,2,3,1,1,4,2,14,15,1
259,0,1,19,0,1,0,4,3,4,0,2,0,1,2,0,1,0,1,1,0,0,0,1,4,3,1,1,1,1,12,11,11,0,0,1,2,0,1,0,1,1,0,1,4,3,1,1,1,1,4,11,13,0
260,0,1,18,0,0,1,2,1,5,5,3,0,1,2,0,1,1,1,0,0,0,0,1,5,2,4,1,2,4,8,15,14,0,0,1,2,0,1,1,1,0,0,1,5,2,4,1,2,4,2,16,16,1
261,0,0,17,0,1,1,2,2,4,4,0,1,1,4,0,1,1,0,0,0,0,0,0,3,4,1,1,1,2,0,10,9,0,1,1,4,0,1,1,1,0,0,0,3,4,1,1,1,2,2,10,11,0
262,0,0,18,0,0,1,4,3,4,5,3,1,1,2,0,1,0,0,1,0,0,0,0,3,1,2,1,3,2,21,17,18,1,1,1,2,0,1,0,1,1,0,0,3,1,2,1,3,2,2,15,15,1
263,0,1,18,0,0,1,4,3,3,5,0,0,1,2,0,1,0,0,1,1,0,0,1,4,3,2,1,1,3,2,8,8,0,0,1,2,0,1,0,1,1,0,1,4,3,2,1,1,3,2,10,10,0
264,0,1,18,1,0,1,3,2,5,5,0,0,1,3,0,1,1,1,0,1,0,1,1,5,3,2,1,1,3,1,13,12,0,0,1,3,0,1,1,1,0,0,1,5,3,2,1,1,3,2,10,11,0
265,0,0,17,0,0,1,3,3,5,5,3,0,1,3,0,1,1,1,0,1,0,1,1,3,2,3,1,1,4,4,10,9,0,0,1,3,0,1,1,1,0,0,1,3,2,3,1,1,4,2,15,12,0
266,0,0,18,0,0,1,2,2,0,4,3,0,1,3,0,1,0,0,0,0,0,0,0,4,3,3,1,1,3,0,9,10,0,0,1,3,0,1,0,1,0,0,0,4,3,3,1,1,3,0,11,12,0
267,0,1,18,1,1,0,3,4,5,5,2,0,2,2,0,1,0,0,0,0,0,0,1,4,2,5,3,4,1,13,17,17,1,0,2,2,0,1,0,1,0,0,1,4,2,5,3,4,1,6,15,16,1
268,0,1,17,0,0,1,3,1,4,5,1,0,1,2,0,1,1,0,0,0,0,0,0,5,4,4,3,4,5,2,9,9,0,0,1,2,0,1,1,1,0,0,0,5,4,4,3,4,5,0,11,11,0
269,0,0,18,1,0,1,4,4,3,5,2,0,2,2,0,1,1,0,0,0,0,0,1,4,3,4,2,2,4,8,12,10,0,0,2,2,0,1,1,1,0,0,1,4,3,4,2,2,4,8,10,11,0
270,0,1,18,0,0,1,4,2,1,5,2,1,1,2,0,1,0,0,0,0,0,0,0,5,4,5,1,3,5,10,10,9,0,1,1,2,0,1,0,1,0,0,0,5,4,5,1,3,5,4,10,12,0
271,0,0,18,1,0,1,2,1,5,5,2,0,2,2,0,1,0,1,1,0,1,0,0,4,3,5,1,2,3,0,6,0,0,0,2,2,0,1,0,1,1,1,0,4,3,5,1,2,3,12,8,9,0
272,0,0,19,0,0,1,3,3,5,4,3,2,1,2,2,1,0,0,0,0,0,0,1,4,3,5,3,3,5,15,9,9,0,2,1,2,0,1,0,1,0,0,1,4,3,5,3,3,5,16,11,12,0
273,0,0,18,0,0,1,2,3,5,4,2,1,1,4,0,1,0,0,0,0,0,0,0,4,5,5,1,3,2,4,15,14,0,1,1,4,0,1,0,1,0,0,0,4,5,5,1,3,2,10,16,16,1
274,0,0,18,0,1,1,1,1,5,5,3,0,2,2,0,1,0,0,1,1,0,1,1,4,4,3,1,1,3,2,11,11,0,0,2,2,0,1,0,1,1,0,1,4,4,3,1,1,3,2,13,13,0
275,0,1,17,1,0,1,1,2,0,0,3,0,1,2,0,1,0,0,0,1,0,1,0,3,5,2,2,2,1,2,15,14,0,0,1,2,0,1,0,1,0,0,0,3,5,2,2,2,1,2,16,17,1
276,0,0,17,0,0,1,2,4,0,1,2,0,2,2,0,1,0,0,1,0,0,0,0,4,3,3,1,1,1,2,10,10,0,0,2,2,0,1,0,1,1,0,0,4,3,3,1,1,1,6,15,16,1
277,0,0,17,0,1,1,2,2,4,5,0,0,2,2,0,0,0,0,1,0,0,0,0,4,4,4,2,3,5,6,12,12,0,0,2,2,0,0,0,1,1,0,0,4,4,4,2,3,5,6,12,12,0
278,0,0,18,1,0,0,3,2,5,4,3,0,2,2,0,1,1,1,1,1,1,0,0,4,1,1,1,1,5,75,10,9,0,0,2,2,0,1,1,1,1,1,0,4,1,1,1,1,5,15,12,9,0
279,0,1,18,0,0,1,4,4,3,4,3,0,2,1,0,1,1,0,0,0,0,0,1,3,2,4,1,4,3,22,9,9,0,0,2,1,0,1,1,1,0,0,1,3,2,4,1,4,3,6,11,12,0
280,0,1,18,0,0,1,4,4,3,4,3,0,2,1,0,1,1,0,0,0,0,0,1,3,2,4,1,4,3,22,9,9,0,1,1,2,0,1,0,1,0,0,1,4,3,3,2,2,2,0,12,12,0
281,0,1,18,0,0,1,4,4,3,4,3,1,1,2,1,1,0,1,0,0,0,0,1,4,3,3,2,2,2,0,10,10,0,0,2,1,0,1,1,1,0,0,1,3,2,4,1,4,3,6,11,12,0
282,0,1,18,0,0,1,4,4,3,4,3,1,1,2,1,1,0,1,0,0,0,0,1,4,3,3,2,2,2,0,10,10,0,1,1,2,0,1,0,1,0,0,1,4,3,3,2,2,2,0,12,12,0
283,0,0,18,0,0,1,4,4,1,1,2,1,1,2,1,0,0,1,0,0,0,0,0,2,4,4,1,1,4,15,9,8,0,1,1,2,1,0,0,1,0,0,0,2,4,4,1,1,4,2,14,12,0
284,0,1,18,0,1,1,4,3,3,4,0,0,2,1,0,1,1,0,0,0,0,0,1,4,2,3,1,2,1,8,10,11,0,0,2,1,0,1,1,1,0,0,1,4,2,3,1,2,1,0,10,10,0
285,0,1,17,0,1,0,4,1,4,5,3,0,2,1,0,1,1,0,0,0,0,0,0,4,5,4,2,4,5,30,8,8,0,0,2,1,0,1,1,1,0,0,0,4,5,4,2,4,5,22,11,11,0
286,0,1,17,0,1,0,3,2,3,4,3,0,1,1,1,1,1,1,1,0,0,0,1,4,4,4,3,4,3,19,11,9,0,0,1,1,0,1,1,1,1,0,1,4,4,4,3,4,3,18,13,13,0
287,0,0,18,1,1,1,1,1,0,5,2,0,2,4,0,1,0,0,0,0,0,1,1,5,2,2,1,1,3,1,12,12,0,0,2,4,0,1,0,1,0,0,1,5,2,2,1,1,3,2,17,17,1
288,0,0,18,0,0,1,1,1,5,5,3,0,2,2,0,0,1,1,0,0,0,0,1,5,4,4,1,1,4,4,8,9,0,0,2,2,0,0,1,1,0,0,1,5,4,4,1,1,4,0,12,13,0
289,0,0,18,0,0,1,1,1,5,5,3,0,2,2,0,0,1,1,0,0,0,0,1,5,4,4,1,1,4,4,8,9,0,0,2,3,0,1,1,1,0,0,1,4,5,5,1,2,2,0,14,14,0
290,0,0,17,0,0,1,2,2,5,5,0,0,1,2,0,1,0,1,1,1,0,0,1,5,4,5,1,2,5,4,10,9,0,0,1,2,0,1,0,1,1,0,1,5,4,5,1,2,5,12,12,12,0
291,0,1,17,0,0,1,1,1,5,5,2,1,1,2,0,1,1,0,1,1,0,0,1,4,3,3,1,2,4,2,12,10,0,1,1,2,0,1,1,1,1,0,1,4,3,3,1,2,4,0,12,12,0
292,0,0,18,0,0,1,2,2,0,0,1,0,1,3,0,1,0,0,1,0,0,0,1,4,3,3,1,2,2,5,18,18,1,0,1,3,0,1,0,1,1,0,1,4,3,3,1,2,2,0,18,18,1
293,0,0,17,0,0,1,1,1,4,3,2,0,1,3,0,1,0,0,1,0,0,0,1,4,3,3,1,1,3,6,13,12,0,0,1,3,0,1,0,1,1,0,1,4,3,3,1,1,3,0,13,13,0
294,0,1,18,0,0,1,2,1,4,4,2,0,1,3,0,1,1,0,0,0,0,0,1,4,2,4,1,3,2,6,15,14,0,0,1,3,0,1,1,1,0,0,1,4,2,4,1,3,2,0,14,15,1
295,0,1,18,0,1,0,4,4,3,3,2,0,1,2,0,1,0,0,0,0,0,0,1,5,4,3,1,1,2,9,15,13,1,0,1,2,0,1,0,1,0,0,1,5,4,3,1,1,2,0,17,17,1
296,0,1,18,0,0,1,4,2,3,5,3,0,1,2,0,1,0,0,0,0,0,0,0,4,3,2,1,4,5,11,12,11,0,0,1,2,0,1,0,1,0,0,0,4,3,2,1,4,5,2,15,16,1
297,0,0,17,0,0,1,4,3,1,4,2,0,1,3,0,1,0,0,1,0,0,0,1,4,2,2,1,2,3,0,15,15,1,0,1,3,0,1,0,1,1,0,1,4,2,2,1,2,3,0,17,18,1
298,0,0,17,1,1,1,3,1,4,5,2,0,2,4,0,1,0,0,1,0,0,1,1,3,1,2,1,1,3,6,18,18,1,0,2,4,0,1,0,1,1,0,1,3,1,2,1,1,3,0,18,19,1
299,0,1,18,1,1,1,3,2,4,5,2,0,2,3,0,1,0,0,0,0,0,0,1,5,4,2,1,1,4,8,14,13,0,0,2,3,0,1,0,1,0,0,1,5,4,2,1,1,4,0,14,15,1
300,0,1,17,0,0,1,3,3,1,5,3,0,1,1,0,1,0,0,1,0,0,0,1,4,4,3,1,3,5,4,14,12,0,0,1,1,0,1,0,1,1,0,1,4,4,3,1,3,5,0,14,15,1
301,0,0,19,0,0,1,4,4,1,5,2,2,2,2,0,1,0,0,0,0,0,0,1,2,3,4,2,3,2,0,10,9,0,2,2,2,0,1,0,1,0,0,1,2,3,4,2,3,2,2,14,13,0
302,0,0,18,0,1,1,4,3,5,5,3,2,2,2,0,1,0,0,1,0,0,0,0,4,4,5,1,2,2,10,10,8,0,2,2,2,0,1,0,1,1,0,0,4,4,5,1,2,2,0,13,14,0
303,0,0,18,0,0,1,4,3,5,5,2,1,1,4,0,1,0,0,1,0,0,0,1,4,3,3,1,1,3,0,14,13,0,1,1,4,0,1,0,1,1,0,1,4,3,3,1,1,3,0,16,17,1
304,0,1,18,0,1,1,4,4,3,3,3,0,1,1,0,1,0,0,1,0,0,0,0,1,4,2,2,2,1,5,16,15,1,0,1,1,0,1,0,1,1,0,0,1,4,2,2,2,1,0,18,18,1
305,0,0,18,0,1,0,4,4,1,5,3,0,1,2,0,1,0,1,1,0,0,0,0,4,2,4,1,1,4,14,12,10,0,0,1,2,0,1,0,0,1,0,0,4,2,4,1,1,4,0,14,15,1
306,0,1,17,0,1,1,4,4,5,3,3,1,2,1,0,1,1,0,1,0,0,0,1,4,1,1,2,2,5,0,11,11,0,1,2,1,0,1,1,1,1,0,1,4,1,1,2,2,5,0,12,13,0
307,0,0,17,0,0,1,4,2,5,5,2,0,2,3,0,1,0,0,1,0,0,0,1,4,3,3,1,1,3,0,15,12,0,0,2,3,0,1,0,1,1,0,1,4,3,3,1,1,3,0,16,16,1
308,0,0,17,0,0,1,3,2,1,1,2,1,1,4,0,1,0,0,0,1,0,0,1,5,2,2,1,2,5,0,17,17,1,1,1,4,0,1,0,1,0,0,1,5,2,2,1,2,5,0,18,18,1
309,0,1,20,0,0,0,3,2,4,5,0,2,1,1,0,1,1,1,0,0,0,1,1,5,5,3,1,1,5,0,17,18,1,2,1,1,2,1,1,1,0,0,1,5,5,3,1,1,5,0,14,15,1
310,0,1,19,1,0,1,3,3,5,4,2,1,1,2,1,1,1,1,0,0,0,1,0,4,5,3,1,2,5,0,15,12,0,1,1,2,0,1,1,1,0,0,0,4,5,3,1,2,5,0,10,10,0
311,0,0,18,0,0,1,2,1,4,5,0,0,2,2,0,1,0,0,0,0,0,0,1,5,3,3,1,2,1,0,8,8,0,0,2,2,0,1,0,1,0,0,1,5,3,3,1,2,1,2,12,12,1
312,0,0,18,0,0,1,4,3,5,5,0,0,1,3,0,1,0,0,0,0,0,0,0,4,3,4,1,1,5,9,9,10,0,0,1,3,0,1,0,1,0,0,0,4,3,4,1,1,5,2,14,15,1
313,0,0,17,1,0,1,3,4,0,4,0,1,1,3,0,1,0,0,0,1,0,0,1,4,3,4,2,5,5,0,11,11,0,1,1,3,0,1,0,1,0,0,1,4,3,4,2,5,5,2,15,15,1
314,0,0,18,0,0,1,4,4,3,5,0,0,1,2,0,1,0,0,1,0,0,0,1,4,4,4,3,3,5,2,11,11,0,0,1,2,0,1,0,1,1,0,1,4,4,4,3,3,5,0,12,11,0
315,0,0,17,0,0,0,4,3,4,4,0,0,1,2,0,1,0,0,1,0,0,0,0,5,2,2,1,2,5,23,13,13,0,0,1,2,0,1,0,1,1,0,0,5,2,2,1,2,5,14,15,14,1
316,0,0,17,0,0,1,2,2,5,5,0,0,1,2,0,1,0,1,1,0,0,1,0,4,2,2,1,1,3,12,11,9,0,0,1,2,0,1,0,1,1,0,0,4,2,2,1,1,3,4,14,13,0
317,0,0,17,1,1,1,2,2,4,4,0,0,1,3,0,1,0,0,0,0,0,0,1,3,3,2,2,2,3,3,11,11,0,0,1,3,0,1,0,1,0,0,1,3,3,2,2,2,3,0,11,11,0
318,0,0,17,0,0,1,3,1,4,4,0,1,1,3,0,1,0,1,1,1,0,0,1,3,4,3,2,3,5,1,12,14,1,1,1,3,0,1,0,1,1,0,1,3,4,3,2,3,5,0,17,18,1
319,0,0,17,0,1,1,0,2,0,0,3,1,2,3,0,1,1,1,1,0,0,0,1,3,3,3,2,3,2,0,16,15,1,1,2,3,0,1,1,1,1,0,1,3,3,3,2,3,2,0,14,14,1
320,0,1,18,0,0,1,4,4,5,5,0,0,1,3,0,1,1,1,0,0,0,0,1,4,3,3,2,2,3,3,9,12,0,0,1,3,0,1,1,1,0,0,1,4,3,3,2,2,3,0,13,14,0
321,0,1,17,0,0,1,3,3,5,4,2,0,1,1,0,1,1,1,0,1,0,0,1,4,3,5,3,5,5,3,14,15,1,0,1,1,0,1,1,1,0,0,1,4,3,5,3,5,5,0,17,18,1
322,0,1,17,1,0,1,2,2,4,5,0,0,4,1,0,1,0,1,1,0,0,0,1,4,4,5,5,5,4,8,11,10,0,0,4,1,0,1,0,1,1,0,1,4,4,5,5,5,4,2,11,10,0
323,0,0,17,0,0,1,4,4,3,4,0,0,1,3,0,1,0,0,0,0,0,0,1,5,4,4,1,3,4,7,10,9,0,0,1,2,0,1,0,0,1,0,0,5,3,1,1,4,5,2,11,11,0
324,0,0,17,0,0,1,4,4,3,4,0,0,1,3,0,1,0,0,0,0,0,0,1,5,4,4,1,3,4,7,10,9,0,0,1,3,0,1,0,1,0,0,1,5,4,4,1,3,4,0,13,12,0
325,0,0,17,0,0,1,4,4,3,3,0,0,2,3,0,1,0,0,1,1,0,0,0,4,3,3,1,2,4,4,14,14,0,0,2,3,0,1,0,1,1,0,0,4,3,3,1,2,4,4,15,14,1
326,0,1,18,0,1,1,2,2,5,5,0,0,1,4,0,1,0,1,0,0,0,0,1,4,5,5,2,4,5,2,9,8,0,0,1,4,0,1,0,0,0,0,1,4,5,5,2,4,5,0,11,11,0
327,0,0,17,1,0,1,2,4,0,5,0,1,1,3,0,1,0,1,1,0,0,0,0,4,4,3,1,1,5,7,12,14,0,1,1,3,0,1,0,1,1,0,0,4,4,3,1,1,5,0,15,15,1
328,0,0,18,0,0,1,3,3,4,4,3,0,1,2,0,1,1,1,0,0,0,0,1,5,3,4,1,1,4,0,7,0,0,0,1,2,0,1,1,1,0,0,1,5,3,4,1,1,4,8,10,11,0
329,0,0,18,0,1,1,2,2,5,5,3,2,1,2,0,1,1,1,0,1,0,0,0,4,3,3,1,1,2,0,8,8,0,2,1,2,0,1,1,1,0,0,0,4,3,3,1,1,2,0,10,9,0
330,0,0,18,1,0,1,2,2,0,5,0,0,2,4,0,1,1,1,0,0,0,1,1,4,4,4,1,1,4,0,10,9,0,0,2,4,0,1,1,1,0,0,1,4,4,4,1,1,4,6,14,13,0
331,0,0,17,0,0,1,3,4,4,5,0,0,1,3,0,1,1,1,1,0,0,0,1,4,4,5,1,3,5,16,16,15,1,0,1,3,0,1,1,1,1,0,1,4,4,5,1,3,5,8,11,13,0
332,0,0,17,0,0,1,3,2,5,5,3,0,1,2,0,1,0,0,1,0,0,0,0,4,3,2,2,3,2,0,7,8,0,0,1,2,0,1,0,1,1,0,0,4,3,2,2,3,2,0,12,13,1
333,0,0,18,0,1,1,3,3,4,4,3,0,1,4,0,1,0,1,1,0,0,0,1,5,3,3,1,1,1,7,16,15,1,0,1,4,0,1,0,1,1,0,1,5,3,3,1,1,1,4,14,14,1
334,0,0,17,1,0,0,3,2,5,5,3,0,1,2,0,1,0,0,1,0,0,0,1,4,3,3,2,3,2,4,9,10,0,0,1,2,0,1,0,1,1,0,1,4,3,3,2,3,2,0,14,14,1
335,0,1,18,0,1,1,3,4,4,5,3,0,1,2,0,1,1,1,0,0,0,0,0,4,3,3,1,3,5,11,16,15,1,0,1,2,0,1,1,1,0,0,0,4,3,3,1,3,5,6,16,16,1
336,0,0,17,0,0,0,2,2,0,0,3,1,1,2,1,1,0,1,1,0,0,0,0,3,3,1,1,2,4,0,9,8,0,1,1,2,0,1,0,1,1,0,0,3,3,1,1,2,4,18,10,12,0
337,0,0,18,0,0,1,2,3,0,5,0,0,1,3,0,1,0,1,1,0,0,0,1,4,3,3,1,2,3,4,11,10,0,0,1,3,0,1,0,1,1,0,1,4,3,3,1,2,3,0,11,12,0
338,0,0,18,0,0,1,3,2,5,4,1,0,1,3,0,1,1,1,1,0,0,0,0,5,4,3,2,3,1,7,13,13,0,0,1,3,0,1,1,1,1,0,0,5,4,3,2,3,1,4,14,16,1
339,0,1,18,1,0,1,4,3,3,4,0,0,1,3,0,1,1,1,1,0,0,0,0,5,3,2,1,2,4,9,16,15,1,0,1,3,0,1,1,1,1,0,0,5,3,2,1,2,4,4,15,14,1
340,0,1,18,0,0,1,4,3,3,5,0,0,1,3,0,1,0,0,1,0,0,0,0,5,4,5,2,3,5,0,10,10,0,0,1,3,0,1,0,1,1,0,0,5,4,5,2,3,5,0,14,13,0
341,0,0,17,0,0,1,4,3,1,5,2,0,1,3,0,1,0,0,0,0,0,0,0,4,4,3,1,3,4,0,13,15,1,0,1,3,0,1,0,1,0,0,0,4,4,3,1,3,4,0,11,12,0
342,1,1,18,1,0,1,3,2,5,5,0,0,2,1,1,1,0,1,1,1,0,0,1,2,5,5,5,5,5,10,11,13,0,0,2,1,0,1,0,1,1,0,1,2,5,5,5,5,5,8,9,10,0
343,1,1,19,1,0,1,1,1,5,4,3,2,3,2,3,1,1,1,1,0,0,0,1,5,4,4,3,3,2,8,8,7,0,2,3,2,1,1,1,1,1,0,1,5,4,4,3,3,2,8,10,9,0
344,1,1,17,0,0,1,3,3,1,5,0,0,2,2,0,1,0,0,1,0,0,0,1,4,5,4,2,3,3,2,13,13,0,0,2,2,1,1,0,1,1,0,1,4,5,4,2,3,3,4,8,9,0
345,1,1,18,0,1,1,1,3,0,4,0,0,1,1,1,1,1,1,1,0,1,0,0,4,3,3,2,3,3,7,8,7,0,0,1,1,0,1,1,1,1,1,0,4,3,3,2,3,3,0,9,10,0
346,1,1,19,1,0,1,1,1,5,5,3,2,3,1,1,1,0,1,1,0,0,0,1,4,4,4,3,3,5,4,8,8,0,2,3,1,1,1,0,1,1,0,1,4,4,4,3,3,5,4,8,9,0
347,1,1,17,1,0,1,4,3,4,5,3,0,2,2,0,1,0,0,0,1,0,0,0,4,5,5,1,3,2,4,13,11,0,0,2,2,1,1,0,0,0,0,0,4,5,5,1,3,2,4,10,11,0
348,1,0,18,0,0,1,3,3,4,4,0,1,1,2,0,1,0,1,1,0,0,1,0,5,3,4,1,1,5,0,10,9,0,1,1,2,0,1,0,1,1,0,0,5,3,4,1,1,5,0,10,10,0
349,1,0,17,1,0,1,4,4,3,4,1,1,2,2,0,1,0,0,0,0,0,0,1,4,3,3,1,2,5,4,12,13,0,1,2,2,0,1,0,0,0,0,1,4,3,3,1,2,5,2,12,12,0
350,1,0,17,0,1,0,3,2,4,5,2,0,2,2,0,1,1,1,1,0,0,1,0,1,2,3,1,2,5,2,12,12,0,0,2,2,0,1,1,1,1,0,0,1,2,3,1,2,5,0,15,14,1
351,1,1,18,0,1,1,1,1,5,4,3,1,2,1,0,1,1,1,1,1,0,0,0,3,3,2,1,2,3,4,10,10,0,1,2,1,0,1,1,1,1,0,0,3,3,2,1,2,3,2,14,13,0
352,1,0,18,0,1,1,1,1,0,4,0,1,2,3,0,1,1,1,1,0,0,0,1,5,3,2,1,1,4,0,18,16,1,1,2,3,0,1,1,1,1,0,1,5,3,2,1,1,4,0,19,17,1
353,1,0,18,0,0,1,3,3,4,4,1,0,2,2,0,1,0,1,1,0,0,0,0,4,3,2,1,3,3,0,11,11,0,0,2,2,0,1,0,1,1,0,0,4,3,2,1,3,3,6,13,12,0
354,1,0,17,0,1,1,4,4,0,0,0,0,1,2,0,1,0,0,0,0,0,0,0,2,3,4,1,1,1,0,16,15,1,0,1,2,0,1,0,1,0,0,0,2,3,4,1,1,1,4,15,14,1
355,1,0,17,1,0,1,1,2,5,4,0,1,2,2,0,1,1,1,1,1,0,1,1,3,2,2,1,2,3,0,12,11,0,1,2,2,0,1,1,1,1,0,1,3,2,2,1,2,3,0,13,13,0
356,1,1,18,1,0,1,1,3,0,5,0,0,2,2,0,1,0,0,1,0,0,1,1,3,3,4,2,4,3,4,10,10,0,0,2,2,0,1,0,0,1,0,1,3,3,4,2,4,3,0,8,10,0
357,1,1,18,0,1,1,4,4,3,4,1,0,2,3,0,1,1,0,1,0,0,0,0,4,2,2,2,2,5,0,13,13,0,0,2,3,0,1,1,1,1,0,0,4,2,2,2,2,5,0,15,16,1
358,1,0,17,1,0,1,1,1,5,4,2,0,3,1,1,1,0,0,1,0,0,0,0,5,2,1,1,2,1,0,7,6,0,0,3,1,1,1,0,1,1,0,0,5,2,1,1,2,1,0,8,8,0
359,1,0,18,0,0,1,2,3,0,4,0,1,2,1,0,1,0,0,1,0,0,0,0,5,2,3,1,2,4,0,11,10,0,1,2,1,0,1,0,1,1,0,0,5,2,3,1,2,4,0,10,10,0
360,1,0,18,1,0,1,4,4,5,3,1,1,3,2,0,1,0,0,1,1,0,0,0,3,2,2,4,2,5,10,14,12,0,1,3,2,0,1,0,1,1,0,0,3,2,2,4,2,5,0,7,5,0
361,1,1,18,1,1,1,1,2,0,4,1,1,3,1,0,1,0,0,0,0,1,0,0,4,3,3,2,3,3,3,14,12,0,1,3,1,0,1,0,1,0,1,0,4,3,3,2,3,3,3,9,10,0
362,1,0,17,0,0,1,2,2,5,0,3,0,1,3,0,1,1,1,0,0,0,1,0,3,4,3,1,1,3,8,13,11,0,0,1,3,0,1,1,1,0,0,0,3,4,3,1,1,3,8,10,11,0
363,1,0,17,1,0,1,1,2,5,5,0,0,1,1,0,1,1,1,0,0,0,0,1,3,5,5,1,3,1,14,6,5,0,0,1,1,0,1,1,1,0,0,1,3,5,5,1,3,1,4,7,8,0
364,1,0,18,1,1,1,4,4,5,5,2,0,2,3,0,1,1,1,1,0,0,0,1,5,4,4,1,1,1,0,19,18,1,0,2,3,0,1,1,1,1,0,1,5,4,4,1,1,1,0,15,17,1
365,1,0,18,1,0,1,1,1,5,5,3,0,4,3,0,1,1,1,1,0,0,0,1,4,3,2,1,2,4,2,8,8,0,0,4,3,0,1,1,1,1,0,1,4,3,2,1,2,4,4,10,11,0
366,1,0,18,1,1,1,4,4,3,4,0,0,1,2,0,1,1,0,0,0,0,0,1,5,4,3,3,4,2,4,8,9,0,0,1,2,0,1,1,1,0,0,1,5,4,3,3,4,2,1,13,14,0
367,1,0,18,0,0,1,3,3,5,5,3,0,1,2,0,1,1,0,1,0,0,0,0,4,1,3,1,2,1,0,15,15,1,0,1,2,0,1,1,1,1,0,0,4,1,3,1,2,1,1,16,16,1
368,1,0,17,1,0,1,3,1,0,5,2,0,1,2,0,1,0,0,0,1,0,0,1,4,5,4,2,3,1,17,10,10,0,0,1,2,0,1,0,1,0,0,1,4,5,4,2,3,1,10,8,9,0
369,1,1,18,0,0,1,4,4,3,3,3,1,1,2,0,1,1,0,0,1,0,0,1,3,2,4,1,4,2,4,15,14,0,1,1,2,0,1,1,1,0,0,1,3,2,4,1,4,2,4,17,18,1
370,1,1,18,1,0,1,2,1,5,5,1,0,2,1,0,1,1,1,0,1,0,0,0,4,4,3,1,3,5,5,7,6,0,0,2,1,0,1,1,1,0,0,0,4,4,3,1,3,5,0,7,7,0
371,1,1,17,0,0,1,2,3,5,4,3,1,2,2,0,1,1,1,0,0,0,0,1,4,4,3,1,1,3,2,11,11,0,1,2,2,0,1,1,1,0,0,1,4,4,3,1,1,3,4,14,15,1
372,1,1,19,1,0,1,1,1,5,4,1,0,2,1,1,1,1,1,1,0,0,1,1,4,3,2,1,3,5,0,6,5,0,0,2,1,1,1,1,1,1,0,1,4,3,2,1,3,5,0,5,8,0
373,1,1,18,1,0,1,4,2,5,5,3,1,2,1,1,1,1,0,1,0,0,1,1,5,4,3,4,3,3,14,6,5,0,1,2,1,1,1,1,0,1,0,1,5,4,3,4,3,3,0,7,7,0
374,1,0,18,1,0,1,2,2,0,5,1,0,2,3,0,1,1,0,1,0,0,1,1,5,3,3,1,3,4,2,10,9,0,0,2,3,0,1,1,1,1,0,1,5,3,3,1,3,4,0,14,17,1
375,1,0,18,1,0,1,4,4,3,0,2,0,3,1,0,1,0,0,0,0,0,0,0,4,4,3,2,2,5,7,6,5,0,0,3,1,0,1,0,1,0,0,0,4,4,3,2,2,5,4,7,9,0
376,1,0,19,1,0,1,2,3,4,5,0,0,1,3,1,1,1,1,0,1,0,0,1,5,4,2,1,2,5,0,7,5,0,0,1,3,1,1,1,1,0,0,1,5,4,2,1,2,5,4,10,11,0
377,1,0,18,0,1,1,3,1,3,4,0,0,1,2,0,1,0,0,1,0,0,0,1,4,3,4,1,1,1,0,7,9,0,0,1,2,0,1,0,1,1,0,1,4,3,4,1,1,1,4,15,15,1
378,1,0,18,0,0,1,1,1,5,5,0,0,2,2,1,1,1,1,0,0,0,1,1,1,1,1,1,1,5,0,6,5,0,0,3,2,2,1,1,1,0,0,0,3,4,4,2,2,5,3,7,8,0
379,1,0,18,0,0,1,1,1,5,5,0,0,2,2,1,1,1,1,0,0,0,1,1,1,1,1,1,1,5,0,6,5,0,0,2,2,0,1,1,1,0,0,1,1,1,1,1,1,5,6,11,12,0
380,1,1,17,0,1,1,3,1,4,4,0,0,2,1,0,1,1,1,1,1,0,0,1,2,4,5,3,4,2,3,14,16,1,0,2,1,0,1,1,1,1,0,1,2,4,5,3,4,2,6,10,10,0
381,1,1,18,1,1,1,3,2,4,5,0,0,3,1,0,1,1,1,1,1,0,0,1,4,4,1,3,4,5,0,11,12,0,0,3,1,0,1,1,1,1,0,1,4,4,1,3,4,5,4,10,11,0
